Anesthesia;-
Cardiovascular;K
Community health;-
Dentistry;A
Dermatologic;-
Dermatology;S
Diet and nutrition;T
Emergency;-
Endocrine;T
Gastroenterologic;D
Genetic;T
Geriatric;A
Gynecologic;X
Hematologic;B
Infectious;B
Laboratory science;-
Midwifery;W
Musculoskeletal;L
Neurologic;N
Nursing;-
Obstetric;X
Oncologic;A
Optometric;F
Otolaryngologic;H
Pathology;Z
Pediatric;A
Pharmacy specialty;-
Physiotherapy;-
Plastic surgery;-
Podiatric;A
Primary care;A
Psychiatric;P
Public health;-
Pulmonary;R
Radiography;A
Renal;U
Respiratory therapy;R
Rheumatologic;L
Speech pathology;Z
Surgical;A
Toxicologic;T
Urologic;Y
